,Unnamed: 0,Unnamed: 0.1,Unnamed: 0.1.1,Unnamed: 0.1.1.1,Unnamed: 0.1.1.1.1,Unnamed: 0.1.1.1.1.1,Unnamed: 0.1.1.1.1.1.1,Unnamed: 0.1.1.1.1.1.1.1,Unnamed: 0.1.1.1.1.1.1.1.1,City Council District,Agency,Site,Address,Borough,Environmental Justice Zone*,Solar-Readiness Assessment**,Estimated Capacity***,Estimated Annual Production***,Estimated Annual Emissions Reduction,BBL
0,0,0,0,0,0,0,0,0,0,1,CUNY,BMCC Fiterman Hall,245 Greenwich St,Manhattan,,,0.61 kW,716 kWh,0.2 MT CO2,1001270001
1,1,1,1,1,1,1,1,1,1,1,NYPL,Chatham Square Branch Library,33 East Broadway,Manhattan,EJZ,,1.83 kW,"2,148 kWh",1 MT CO2,1002800044
2,2,2,2,2,2,2,2,2,2,1,NYPD,5th Precinct,19 Elizabeth St,Manhattan,EJZ,,3.05 kW,"3,580 kWh",1 MT CO2,1002010020
3,3,3,3,3,3,3,3,3,3,1,DOE,M477,345 CHAMBERS ST.,Manhattan,,,12.20 kW,"14,321 kWh",4 MT CO2,1000160215
4,4,4,4,4,4,4,4,4,4,1,DCAS,Court Square Building,2 Lafayette St,Manhattan,,,14.60 kW,"17,142 kWh",4 MT CO2,1001550001
5,5,5,5,5,5,5,5,5,5,1,DOE,M520,411 PEARL ST,Manhattan,EJZ,,18.90 kW,"22,186 kWh",6 MT CO2,1001130100
6,6,6,6,6,6,6,6,6,6,1,DOE,M445,350 GRAND ST.,Manhattan,EJZ,Yes,40.60 kW,"51,015 kWh",13 MT CO2,1004080030
7,7,7,7,7,7,7,7,7,7,1,DHS,Catherine Life Family Shelter,78 Catherine St,Manhattan,EJZ,,48.80 kW,"57,283 kWh",15 MT CO2,1001110150
8,8,8,8,8,8,8,8,8,8,1,CUNY,BMCC Auditorium,199 Chambers St,Manhattan,,,51.90 kW,"139,301 kWh",36 MT CO2,1001420050
9,9,9,9,9,9,9,9,9,9,2,DHS,George Daly House Residence,269 East 4th St,Manhattan,EJZ,,6.10 kW,"7,160 kWh",2 MT CO2,1003870049
10,10,10,10,10,10,10,10,10,10,2,DOE,M844,400 1ST AVENUE,Manhattan,,,7.30 kW,"8,569 kWh",2 MT CO2,1009550001
11,11,11,11,11,11,11,11,11,11,2,DHS,Kenton Hotel Shelter,333 Bowery,Manhattan,EJZ,,18.30 kW,"21,481 kWh",6 MT CO2,1004580004
12,12,12,12,12,12,12,12,12,12,2,DHS,Manhattan Bowery Shelter,8 East 3rd St,Manhattan,EJZ,,21.40 kW,"25,120 kWh",7 MT CO2,1004580011
13,13,13,13,13,13,13,13,13,13,2,DOE,M015,333 EAST 4 STREET,Manhattan,EJZ,,43.30 kW,"50,827 kWh",13 MT CO2,1003740020
14,14,14,14,14,14,14,14,14,14,2,DOE,M060,420 EAST 12 STREET,Manhattan,,,62.10 kW,"82,921 kWh",22 MT CO2,1004390017
15,15,15,15,15,15,15,15,15,15,3,DOE,M011,320 WEST 21 STREET,Manhattan,,,0.00 kW,0 kWh,0 MT CO2,1007440024
16,16,16,16,16,16,16,16,16,16,3,DOE,M035,317 WEST 52 STREET,Manhattan,,,0.00 kW,0 kWh,0 MT CO2,1010430022
17,17,17,17,17,17,17,17,17,17,3,DPR,Chelsea Recreation Center,430 West 25th St,Manhattan,,,0.00 kW,0 kWh,0 MT CO2,1007220057
18,18,18,18,18,18,18,18,18,18,3,DSNY,"Manhattan Community Districts 1, 2 and 5",353 Spring St,Manhattan,,,0.00 kW,0 kWh,0 MT CO2,1
19,19,19,19,19,19,19,19,19,19,3,DPR,High Line Maintenance and Operations Building,820 Washington St,Manhattan,,,1.53 kW,"1,796 kWh",0.5 MT CO2,1006440010
20,20,20,20,20,20,20,20,20,20,3,NYPL,Muhlenberg Branch Library,209 West 23rd St,Manhattan,EJZ,,8.20 kW,"9,625 kWh",3 MT CO2,1007730038
21,21,21,21,21,21,21,21,21,21,3,DPR,Tony Dapolito Recreation Center,3 Clarkson St,Manhattan,,,11.00 kW,"12,912 kWh",3 MT CO2,1
22,22,22,22,22,22,22,22,22,22,3,DOE,M600,225 W. 24 STREET,Manhattan,,,91.50 kW,"107,406 kWh",28 MT CO2,1007740019
23,23,23,23,23,23,23,23,23,23,4,DCLA,Carnegie Hall,881 7th Ave,Manhattan,,,0.00 kW,0 kWh,0 MT CO2,1010090001
24,24,24,24,24,24,24,24,24,24,4,DCLA,New York City Center,131 W 55 St.,Manhattan,,,0.00 kW,0 kWh,0 MT CO2,1010080015
25,25,25,25,25,25,25,25,25,25,4,NYPL,96th Street Branch Library,112 East 96th St,Manhattan,,,2.44 kW,"2,864 kWh",1 MT CO2,1015240064
26,26,26,26,26,26,26,26,26,26,4,DCLA,The Met Breuer,945 Madison Avenue,Manhattan,,,15.30 kW,"17,964 kWh",5 MT CO2,1013890050
27,27,27,27,27,27,27,27,27,27,4,DPR,Recreation Center 54,348 East 54th St,Manhattan,,,36.60 kW,"42,963 kWh",11 MT CO2,1013460032
28,28,28,28,28,28,28,28,28,28,4,NYPL,Central Library - Stephen A. Schwartzman Building,476 5th Ave,Manhattan,,,250.10 kW,"293,577 kWh",76 MT CO2,1012570001
29,29,29,29,29,29,29,29,29,29,5,DOE,M151,1763 1ST AVENUE,Manhattan,,,0.00 kW,0 kWh,0 MT CO2,1015540023
30,30,30,30,30,30,30,30,30,30,5,DOE,M816,323 East 91st St,Manhattan,,,0.00 kW,0 kWh,0 MT CO2,1015540015
31,31,31,31,31,31,31,31,31,31,5,DCLA,Metropolitan Museum of Art Storage,438-440 East 91st St,Manhattan,,,1.22 kW,"1,432 kWh",0.4 MT CO2,1015700029
32,32,32,32,32,32,32,32,32,32,5,DOE,M114,331 EAST 91ST STREET,Manhattan,,,24.40 kW,"28,642 kWh",7 MT CO2,1015540032
33,33,33,33,33,33,33,33,33,33,5,DOE,M271,645 MAIN ST.,Manhattan,,,58.90 kW,"69,139 kWh",18 MT CO2,1013730001
34,34,34,34,34,34,34,34,34,34,5,DOE,M158,1458 YORK AVENUE,Manhattan,,,116.00 kW,"133,042 kWh",35 MT CO2,1014890001
35,35,35,35,35,35,35,35,35,35,6,DOE,M166,132 WEST 89 STREET,Manhattan,,,15.60 kW,"18,312 kWh",5 MT CO2,1012190047
36,36,36,36,36,36,36,36,36,36,6,DCLA,Samuel B. & David Rose Building,70 Lincoln Center Plz,Manhattan,,,22.00 kW,"25,830 kWh",7 MT CO2,1
37,37,37,37,37,37,37,37,37,37,6,NYPD,22nd Precinct,190 86th St Transverse Rd,Manhattan,EJZ,,24.40 kW,"28,642 kWh",7 MT CO2,1
38,38,38,38,38,38,38,38,38,38,6,DOE,M191,210 WEST 61 STREET,Manhattan,,,51.90 kW,"60,922 kWh",16 MT CO2,1011520029
39,39,39,39,39,39,39,39,39,39,6,DOE,M075,735 WEST END AVENUE,Manhattan,,,85.40 kW,"100,246 kWh",26 MT CO2,1012530065
40,40,40,40,40,40,40,40,40,40,6,DCLA,Metropolitan Opera House,Lincoln Center Plaza,Manhattan,,,157.40 kW,"184,805 kWh",48 MT CO2,1
41,41,41,41,41,41,41,41,41,41,6,DSNY,"Manhattan 4, 4A, 7 District Garage; Salt",650 West 57th St,Manhattan,,Yes,398.00 kW,"426,367 kWh",111 MT CO2,1011040001
42,42,42,42,42,42,42,42,42,42,7,NYPD,Shop 9,675 West 158th St,Manhattan,EJZ,,0.00 kW,0 kWh,0 MT CO2,1
43,43,43,43,43,43,43,43,43,43,7,DOE,M004,500 WEST 160 STREET,Manhattan,EJZ,,26.00 kW,"34,266 kWh",9 MT CO2,1021180022
44,44,44,44,44,44,44,44,44,44,7,HHC,Lower Washington Heights NFCC Clinic,1721 Amsterdam Ave,Manhattan,EJZ,,52.80 kW,"61,979 kWh",16 MT CO2,1020600001
45,45,45,45,45,45,45,45,45,45,7,DOE,M036,123 MORNINGSIDE DRIVE,Manhattan,EJZ,,102.50 kW,"137,395 kWh",36 MT CO2,1018500002
46,46,46,46,46,46,46,46,46,46,7,DOE,M145,150 WEST 105 STREET,Manhattan,EJZ,Yes,115.80 kW,"143,985 kWh",37 MT CO2,1018590001
47,47,47,47,47,47,47,47,47,47,8,DOE,M171,19 EAST 103 STREET,Manhattan,,,0.00 kW,0 kWh,0 MT CO2,1016090007
48,48,48,48,48,48,48,48,48,48,8,DOE,M646,321 E. 96 ST.,Manhattan,EJZ,,0.00 kW,0 kWh,0 MT CO2,1016680001
49,49,49,49,49,49,49,49,49,49,8,DPR,Mill Pond Park Power House,1 East 150th Street,Bronx,EJZ,,0.00 kW,0 kWh,0 MT CO2,2
50,50,50,50,50,50,50,50,50,50,8,DHS,Jennie A. Clarke Residence,179 East 100th St,Manhattan,EJZ,,3.05 kW,"3,580 kWh",1 MT CO2,1016280024
51,51,51,51,51,51,51,51,51,51,8,NYPL,125th Street Branch Library,224 East 125th St,Manhattan,EJZ,,6.10 kW,"7,160 kWh",2 MT CO2,1017890037
52,52,52,52,52,52,52,52,52,52,8,DHS,Jackson Family Residence,691 East 138th St,Bronx,EJZ,,12.20 kW,"14,321 kWh",4 MT CO2,2025670013
53,53,53,53,53,53,53,53,53,53,8,NYPD,Randall's Island Street Crime Unit,1 Randall's Island,Manhattan,EJZ,,13.30 kW,"17,646 kWh",5 MT CO2,1018190203
54,54,54,54,54,54,54,54,54,54,8,DHS,Emergency Assistance Unit (EAU),151 East 151st St,Bronx,EJZ,,18.30 kW,"21,481 kWh",6 MT CO2,2
55,55,55,55,55,55,55,55,55,55,8,DFTA,Leonardo Coverio Senior Center,312 East 109th St,Manhattan,EJZ,,21.40 kW,"25,120 kWh",7 MT CO2,1016800045
56,56,56,56,56,56,56,56,56,56,8,DPR,Thomas Jefferson Recreation Center,2180 1st Ave,Manhattan,,,27.50 kW,"32,281 kWh",8 MT CO2,1017050001
57,57,57,57,57,57,57,57,57,57,8,DPR,St. Mary's Recreation Center and Indoor Pool,450 St Anns Ave,Bronx,EJZ,,36.60 kW,"42,963 kWh",11 MT CO2,2025570001
58,58,58,58,58,58,58,58,58,58,8,DHS,University Avenue Family Residences,1041 University Ave,Bronx,EJZ,,42.70 kW,"50,123 kWh",13 MT CO2,2025270014
59,59,59,59,59,59,59,59,59,59,8,DOE,M099,410 EAST 100 STREET,Manhattan,EJZ,,73.20 kW,"85,925 kWh",22 MT CO2,1016930001
60,60,60,60,60,60,60,60,60,60,8,DOE,M117,240 EAST 109 STREET,Manhattan,EJZ,Yes,245.20 kW,"270,578 kWh",70 MT CO2,1016560100
61,61,61,61,61,61,61,61,61,61,9,DPR,Marcus Garvey Park Pool,124th St at 5th Ave,Manhattan,,,0.00 kW,0 kWh,0 MT CO2,1
62,62,62,62,62,62,62,62,62,62,9,NYPL,Schomburg Center/Research in Black Culture,515 Malcolm X Blvd,Manhattan,EJZ,,6.10 kW,"7,160 kWh",2 MT CO2,1019200029
63,63,63,63,63,63,63,63,63,63,9,DHS,East 119th Street Veterans Residence,22 East 119th St,Manhattan,EJZ,,12.20 kW,"14,321 kWh",4 MT CO2,1017450005
64,64,64,64,64,64,64,64,64,64,9,NYPL,Schomburg Black History Library,103 West 135th St,Manhattan,EJZ,,12.20 kW,"14,321 kWh",4 MT CO2,1019200026
65,65,65,65,65,65,65,65,65,65,9,DPR,Hansborough Pool and Recreation Center,35 West 134th St,Manhattan,EJZ,,14.00 kW,"16,434 kWh",4 MT CO2,1017300055
66,66,66,66,66,66,66,66,66,66,9,HHC,Henry J. Carter Hospital,1879 Madison Ave,Manhattan,EJZ,,25.60 kW,"30,050 kWh",8 MT CO2,1017470035
67,67,67,67,67,67,67,67,67,67,9,DOE,M081,212 W. 120TH ST,Manhattan,EJZ,Yes,55.40 kW,"68,778 kWh",18 MT CO2,1019250019
68,68,68,68,68,68,68,68,68,68,9,DOE,M197,2230 5TH AVENUE,Manhattan,,,85.40 kW,"100,246 kWh",26 MT CO2,1017330017
69,69,69,69,69,69,69,69,69,69,9,DOE,M136,6 EDGECOMBE AVENUE,Manhattan,EJZ,,94.60 kW,"111,045 kWh",29 MT CO2,1019600001
70,70,70,70,70,70,70,70,70,70,9,DOE,M079,55 EAST 120 STREET,Manhattan,EJZ,Yes,118.60 kW,"139,217 kWh",36 MT CO2,1017470001
71,71,71,71,71,71,71,71,71,71,9,DOE,M123,301 WEST 140 STREET,Manhattan,EJZ,Yes,137.30 kW,"161,168 kWh",42 MT CO2,1020420035
72,72,72,72,72,72,72,72,72,72,9,DOE,M208,20 WEST 112 STREET,Manhattan,EJZ,,186.60 kW,"250,335 kWh",65 MT CO2,1015950015
73,73,73,73,73,73,73,73,73,73,9,DOE,M175,175 WEST 134 STREET,Manhattan,EJZ,,232.00 kW,"310,768 kWh",81 MT CO2,1019190006
74,74,74,74,74,74,74,74,74,74,10,DOE,M528,180 WADSWORTH AVENUE,Manhattan,EJZ,,0.00 kW,0 kWh,0 MT CO2,1021640032
75,75,75,75,75,75,75,75,75,75,10,DOE,M263,202 SHERMAN AVENUE,Manhattan,EJZ,,3.05 kW,"3,580 kWh",1 MT CO2,1022260041
76,76,76,76,76,76,76,76,76,76,10,DPR,J Hood Wright Park Recreation Center,351 Fort Washington Ave,Manhattan,EJZ,,11.60 kW,"13,617 kWh",4 MT CO2,1021390404
77,77,77,77,77,77,77,77,77,77,10,DOE,M876,2120 AMSTERDAM AVE.,Manhattan,EJZ,,13.70 kW,"16,082 kWh",4 MT CO2,1021230045
78,78,78,78,78,78,78,78,78,78,10,DOE,M005,3703 10TH AVE.,Manhattan,EJZ,,15.30 kW,"17,960 kWh",5 MT CO2,1021500030
79,79,79,79,79,79,79,79,79,79,10,DOE,M178,12-18 ELLWOOD STREET,Manhattan,EJZ,Yes,23.70 kW,"28,412 kWh",7 MT CO2,1021710036
80,80,80,80,80,80,80,80,80,80,10,DPR,Highbridge Recreation Center,2275 Amsterdam Ave,Manhattan,,,42.70 kW,"50,123 kWh",13 MT CO2,1021060001
81,81,81,81,81,81,81,81,81,81,10,DOE,M128,560 WEST 169 STREET,Manhattan,EJZ,Yes,105.90 kW,"122,856 kWh",32 MT CO2,1021250001
82,82,82,82,82,82,82,82,82,82,11,NYPL,Kingsbridge Library,291 West 231 St,Bronx,EJZ,,0.00 kW,0 kWh,0 MT CO2,2057130123
83,83,83,83,83,83,83,83,83,83,11,NYPD,52nd Precinct,3016 Webster Ave,Bronx,EJZ,,12.20 kW,"14,321 kWh",4 MT CO2,2033250005
84,84,84,84,84,84,84,84,84,84,11,DOE,X056,341 EAST 207 STREET,Bronx,EJZ,,37.70 kW,"49,826 kWh",13 MT CO2,2033510001
85,85,85,85,85,85,85,85,85,85,11,DOE,X095,3961 HILLMAN AVENUE,Bronx,EJZ,,90.90 kW,"106,702 kWh",28 MT CO2,2032520182
86,86,86,86,86,86,86,86,86,86,12,NYPL,Wakefield Branch Library,4100 Lowerre Pl,Bronx,EJZ,,12.20 kW,"14,321 kWh",4 MT CO2,2048320020
87,87,87,87,87,87,87,87,87,87,12,DOE,X169,3500 EDSON AVENUE,Bronx,EJZ,,22.00 kW,"25,824 kWh",7 MT CO2,2048940001
88,88,88,88,88,88,88,88,88,88,12,DOE,X103,4125 CARPENTER AVENUE,Bronx,EJZ,,63.70 kW,"86,156 kWh",22 MT CO2,2048230001
89,89,89,89,89,89,89,89,89,89,12,DOE,X087,1935 BUSSING AVENUE,Bronx,EJZ,,74.10 kW,"86,982 kWh",23 MT CO2,2050180001
90,90,90,90,90,90,90,90,90,90,12,DOE,X112,1925 SCHIEFELIN AVENUE,Bronx,EJZ,Yes,93.80 kW,"106,376 kWh",28 MT CO2,2049050500
91,91,91,91,91,91,91,91,91,91,12,DOE,X021,715 EAST 225 STREET,Bronx,EJZ,Yes,98.90 kW,"121,324 kWh",32 MT CO2,2048390039
92,92,92,92,92,92,92,92,92,92,13,DOE,X498,1640 BRONXDALE AVE.,Bronx,,,23.20 kW,"27,233 kWh",7 MT CO2,2040910001
93,93,93,93,93,93,93,93,93,93,13,DOE,X014,3041 BRUCKNER BOULEVARD,Bronx,,,51.90 kW,"60,922 kWh",16 MT CO2,2053130092
94,94,94,94,94,94,94,94,94,94,13,DOE,X097,1375 MACE AVENUE,Bronx,,,57.00 kW,"66,909 kWh",17 MT CO2,2044740001
95,95,95,95,95,95,95,95,95,95,13,DOE,X072,2951 DEWEY AVENUE,Bronx,,Yes,108.00 kW,"126,775 kWh",33 MT CO2,2054400001
96,96,96,96,96,96,96,96,96,96,13,DOE,X121,2750 THROOP AVENUE,Bronx,EJZ,Yes,109.82 kW,"128,911 kWh",34 MT CO2,2045260001
97,97,97,97,97,97,97,97,97,97,13,DOE,X089,980 MACE AVENUE,Bronx,EJZ,Yes,131.80 kW,"162,708 kWh",42 MT CO2,2044440016
98,98,98,98,98,98,98,98,98,98,13,DCAS,Public Safety Answering Center II,350 Marconi St,Bronx,EJZ,,154.40 kW,"209,193 kWh",54 MT CO2,2042260075
99,99,99,99,99,99,99,99,99,99,14,CUNY,South Hall,187 W 180th St,Bronx,,,0.00 kW,0 kWh,0 MT CO2,2032220062
100,100,100,100,100,100,100,100,100,100,14,DHS,Mount Eden Avenue SRO Residence,50 Mt Eden Ave West,Bronx,EJZ,,0.00 kW,0 kWh,0 MT CO2,2028650049
101,101,101,101,101,101,101,101,101,101,14,DOE,X204,1780 DR. MARTIN LUTHER KING JR.,Bronx,EJZ,,0.00 kW,0 kWh,0 MT CO2,2028660105
102,102,102,102,102,102,102,102,102,102,14,DOE,X360,2880 KINGSBRIDGE TERRACE,Bronx,EJZ,,0.00 kW,0 kWh,0 MT CO2,2032530341
103,103,103,103,103,103,103,103,103,103,14,DPR,St. James Park Recreation Center,West 192nd St at Jerome Ave,Bronx,EJZ,,1.22 kW,"1,432 kWh",0.4 MT CO2,2
104,104,104,104,104,104,104,104,104,104,14,CUNY,The Children's Center,2010 Sedgwick Ave,Bronx,,,3.05 kW,"3,995 kWh",1 MT CO2,2032220062
105,105,105,105,105,105,105,105,105,105,14,DPR,Kingsbridge Recreation Center,3101 Kings Bridge Ter,Bronx,EJZ,,9.15 kW,"10,741 kWh",3 MT CO2,2032570111
106,106,106,106,106,106,106,106,106,106,14,DOE,X115,120 EAST 184 STREET,Bronx,EJZ,,39.00 kW,"50,607 kWh",13 MT CO2,2031720046
107,107,107,107,107,107,107,107,107,107,14,DHS,Nelson Ave Family Residence,1605 Nelson Ave,Bronx,EJZ,,39.70 kW,"46,601 kWh",12 MT CO2,2028760055
108,108,108,108,108,108,108,108,108,108,14,DOE,X240,1509-1531 JEROME AVE.,Bronx,EJZ,,52.50 kW,"61,627 kWh",16 MT CO2,2028590077
109,109,109,109,109,109,109,109,109,109,14,CUNY,North Hall and Library,200 Hall of Fame Ter,Bronx,,,76.30 kW,"94,574 kWh",25 MT CO2,2032220062
110,110,110,110,110,110,110,110,110,110,14,DOE,X143,120 WEST 231 STREET,Bronx,EJZ,,197.60 kW,"248,355 kWh",65 MT CO2,2032530141
111,111,111,111,111,111,111,111,111,111,15,DCLA,Garden Cafe & Terrace Room,2700 Dr. Theodore Kazimiroff Blvd,Bronx,EJZ,,0.00 kW,0 kWh,0 MT CO2,2032720001
112,112,112,112,112,112,112,112,112,112,15,DCLA,Madagascar (Old Lion House),2300 Southern Blvd,Bronx,EJZ,,0.00 kW,0 kWh,0 MT CO2,2031200020
113,113,113,113,113,113,113,113,113,113,15,DCLA,Reptile House,2300 Southern Blvd,Bronx,EJZ,,0.00 kW,0 kWh,0 MT CO2,2031200020
114,114,114,114,114,114,114,114,114,114,15,DCLA,"Shelter Bldg (Elephant, Rhino, Tiger)",2300 Southern Blvd,Bronx,EJZ,,0.00 kW,0 kWh,0 MT CO2,2031200020
115,115,115,115,115,115,115,115,115,115,15,FDNY,Bronx Central Office,1129 East 180th St,Bronx,EJZ,,1.83 kW,"2,148 kWh",1 MT CO2,2043330001
116,116,116,116,116,116,116,116,116,116,15,DCLA,World of Birds,2300 Southern Blvd,Bronx,EJZ,,5.50 kW,"6,458 kWh",2 MT CO2,2031200020
117,117,117,117,117,117,117,117,117,117,15,DCLA,Stone Mill,2650 Dr. Theodore Kazimiroff Blvd,Bronx,EJZ,,20.40 kW,"23,952 kWh",6 MT CO2,2032730001
118,118,118,118,118,118,118,118,118,118,15,DOE,X465,4143 3RD AVENUE,Bronx,EJZ,,21.40 kW,"25,120 kWh",7 MT CO2,2029230018
119,119,119,119,119,119,119,119,119,119,15,DCLA,Center for Global Conservation,2300 Southern Blvd,Bronx,EJZ,,28.10 kW,"32,992 kWh",9 MT CO2,2031200020
120,120,120,120,120,120,120,120,120,120,15,DOE,X058,459 East 176th Street,Bronx,EJZ,Yes,58.20 kW,"69,973 kWh",18 MT CO2,2029090032
121,121,121,121,121,121,121,121,121,121,15,DOE,X254,2452 WASHINGTON AVE.,Bronx,EJZ,,63.10 kW,"87,749 kWh",23 MT CO2,2030580003
122,122,122,122,122,122,122,122,122,122,15,DOE,X028,1861 ANTHONY AVENUE,Bronx,EJZ,Yes,72.00 kW,"86,799 kWh",23 MT CO2,2028040031
123,123,123,123,123,123,123,123,123,123,15,DOE,X205,2475 SOUTHERN BOULEVARD,Bronx,EJZ,Yes,76.50 kW,"92,103 kWh",24 MT CO2,2031150021
124,124,124,124,124,124,124,124,124,124,15,DCLA,LuEsther T. Mertz Library (Museum Building),2674 Dr. Theodore Kazimiroff Blvd,Bronx,EJZ,,148.50 kW,"174,355 kWh",45 MT CO2,2
125,125,125,125,125,125,125,125,125,125,16,DPR,Mullaly Park Rink and Rec Center,East 164th St at Jerome Ave,Bronx,,,3.97 kW,"4,660 kWh",1 MT CO2,2
126,126,126,126,126,126,126,126,126,126,16,FDNY,Rescue 3,1655 Washington Ave,Bronx,EJZ,,6.10 kW,"7,160 kWh",2 MT CO2,2029050030
127,127,127,127,127,127,127,127,127,127,16,NYPL,High Bridge Branch Library,78 West 168th St,Bronx,EJZ,,21.40 kW,"25,120 kWh",7 MT CO2,2
128,128,128,128,128,128,128,128,128,128,16,DOE,X011,1257 OGDEN AVENUE,Bronx,EJZ,Yes,65.00 kW,"78,270 kWh",20 MT CO2,2025290081
129,129,129,129,129,129,129,129,129,129,16,DOE,X002,1365 FULTON AVENUE,Bronx,EJZ,,124.80 kW,"166,800 kWh",43 MT CO2,2029250056
130,130,130,130,130,130,130,130,130,130,16,DOE,X126,175 WEST 166 STREET,Bronx,EJZ,,148.50 kW,"174,315 kWh",45 MT CO2,2025260083
131,131,131,131,131,131,131,131,131,131,16,DOE,X147,1600 WEBSTER AVENUE,Bronx,EJZ,Yes,150.28 kW,"176,405 kWh",46 MT CO2,2028970005
132,132,132,132,132,132,132,132,132,132,16,DOE,X148,3630 THIRD AVENUE,Bronx,EJZ,Yes,260.20 kW,"304,992 kWh",79 MT CO2,2029250001
133,133,133,133,133,133,133,133,133,133,16,DOE,X136,750 JENNINGS STREET,Bronx,EJZ,Yes,266.40 kW,"292,845 kWh",76 MT CO2,2029690001
134,134,134,134,134,134,134,134,134,134,17,DOE,X392,928 SIMPSON STREET,Bronx,EJZ,,6.10 kW,"7,160 kWh",2 MT CO2,2027230033
135,135,135,135,135,135,135,135,135,135,17,DHS,Freeman Houses Residence,999 Freeman St,Bronx,EJZ,,13.00 kW,"17,434 kWh",5 MT CO2,2030070001
136,136,136,136,136,136,136,136,136,136,17,DOE,X060,888 REVEREND JAMES A. POLITE AVE,Bronx,EJZ,Yes,22.40 kW,"25,093 kWh",7 MT CO2,2026960085
137,137,137,137,137,137,137,137,137,137,17,DOE,X099,1180 REVEREND JAMES A POLITE AVE,Bronx,EJZ,Yes,27.50 kW,"32,818 kWh",9 MT CO2,2026920014
138,138,138,138,138,138,138,138,138,138,17,CUNY,Hostos CC B Building,500 Grand Concourse,Bronx,EJZ,,30.50 kW,"40,243 kWh",10 MT CO2,2023430032
139,139,139,139,139,139,139,139,139,139,17,DPR,Crotona Park Pool and Bathhouse,East 173rd St at Fulton Ave,Bronx,,,51.90 kW,"60,922 kWh",16 MT CO2,2
140,140,140,140,140,140,140,140,140,140,17,DOE,X050,1550 VYSE AVENUE,Bronx,EJZ,,54.00 kW,"71,123 kWh",19 MT CO2,2029960010
141,141,141,141,141,141,141,141,141,141,17,DEP,1270 Ryawa Ave,Hunts Point WPCP,Bronx,EJZ,,62.50 kW,"73,382 kWh",19 MT CO2,2
142,142,142,142,142,142,142,142,142,142,17,DOE,X039,965 LONGWOOD AVENUE,Bronx,EJZ,Yes,73.00 kW,"86,805 kWh",23 MT CO2,2027100001
143,143,143,143,143,143,143,143,143,143,17,DSNY,"Section Station 92, Bronx Enforcement",1787 West Farms Rd,Bronx,EJZ,,74.40 kW,"100,974 kWh",26 MT CO2,2030150058
144,144,144,144,144,144,144,144,144,144,17,DOE,X098,1619 BOSTON ROAD,Bronx,EJZ,Yes,75.50 kW,"84,599 kWh",22 MT CO2,2029390093
145,145,145,145,145,145,145,145,145,145,17,DOE,X066,1001 JENNINGS STREET,Bronx,EJZ,,82.90 kW,"109,931 kWh",29 MT CO2,2030080001
146,146,146,146,146,146,146,146,146,146,17,DOE,X140,916 EAGLE AVENUE,Bronx,EJZ,,107.30 kW,"143,142 kWh",37 MT CO2,2026270009
147,147,147,147,147,147,147,147,147,147,17,DOE,X130,750 PROSPECT AVENUE,Bronx,EJZ,,163.20 kW,"219,718 kWh",57 MT CO2,2026880001
148,148,148,148,148,148,148,148,148,148,17,DOE,X790,730 CONCOURSE VILLAGE WEST,Bronx,,,205.60 kW,"241,342 kWh",63 MT CO2,2024430078
149,149,149,149,149,149,149,149,149,149,17,DOE,X074,730 BRYANT AVENUE,Bronx,EJZ,,326.30 kW,"430,435 kWh",112 MT CO2,2027630279
150,150,150,150,150,150,150,150,150,150,18,FDNY,EMS 3,501 Zerega Ave,Bronx,,,0.00 kW,0 kWh,0 MT CO2,2035400001
151,151,151,151,151,151,151,151,151,151,18,DHS,Commonwealth Avenue SRO Residence,1150 Commonwealth Ave,Bronx,EJZ,,1.53 kW,"1,796 kWh",0.5 MT CO2,2037520013
152,152,152,152,152,152,152,152,152,152,18,NYPL,Soundview Branch Library,660 Soundview Ave,Bronx,EJZ,,21.40 kW,"25,120 kWh",7 MT CO2,2035580014
153,153,153,153,153,153,153,153,153,153,18,DOE,X047,1794 EAST 172 STREET,Bronx,EJZ,,57.60 kW,"67,613 kWh",18 MT CO2,2037860016
154,154,154,154,154,154,154,154,154,154,18,DOE,X036,1070 CASTLE HILL AVENUE,Bronx,EJZ,,76.70 kW,"104,555 kWh",27 MT CO2,2038170001
155,155,155,155,155,155,155,155,155,155,18,DOE,X100,800 TAYLOR AVENUE,Bronx,EJZ,Yes,134.40 kW,"165,629 kWh",43 MT CO2,2036410001
156,156,156,156,156,156,156,156,156,156,18,DOE,X102,1827 ARCHER STREET,Bronx,EJZ,,163.00 kW,"191,336 kWh",50 MT CO2,2039210030
157,157,157,157,157,157,157,157,157,157,18,DOE,X450,1980 LAFAYETTE AVE.,Bronx,EJZ,Yes,424.13 kW,"698,036 kWh",182 MT CO2,2036040039
158,158,158,158,158,158,158,158,158,158,19,DSNY,North Shore Marine Transfer Station,119-01 31st Ave,Queens,,Yes,0.00 kW,0 kWh,0 MT CO2,4043460075
159,159,159,159,159,159,159,159,159,159,19,FDNY,Building 413,413 Shore Rd,Queens,,,0.00 kW,0 kWh,0 MT CO2,4059170001
160,160,160,160,160,160,160,160,160,160,19,NYPD,620 Circle Drive,620 Circle Drive,Queens,,,3.05 kW,"3,580 kWh",1 MT CO2,4059170001
161,161,161,161,161,161,161,161,161,161,19,DOE,Q094,41-77 LITTLE NECK PKWY,Queens,,,44.20 kW,"51,884 kWh",14 MT CO2,4081350029
162,162,162,162,162,162,162,162,162,162,19,QPL,Bayside Community Library,214-20 Northern Blvd,Queens,,,46.10 kW,"54,114 kWh",14 MT CO2,4073330215
163,163,163,163,163,163,163,163,163,163,19,DOE,Q130,200-01 42 AVENUE,Queens,,,72.50 kW,"97,462 kWh",25 MT CO2,4062030001
164,164,164,164,164,164,164,164,164,164,19,DOE,Q184,163-15 21 ROAD,Queens,,Yes,140.20 kW,"172,916 kWh",45 MT CO2,4057560001
165,165,165,165,165,165,165,165,165,165,19,DOE,Q185,147-26 25 DRIVE,Queens,EJZ,Yes,242.90 kW,"299,743 kWh",78 MT CO2,4048020001
166,166,166,166,166,166,166,166,166,166,19,NYPD,Police Academy,130-30 28th Ave,Queens,,,393.60 kW,"462,023 kWh",120 MT CO2,4043270100
167,167,167,167,167,167,167,167,167,167,20,DOE,Q244,137-20 FRANKLIN AVE.,Queens,EJZ,,0.00 kW,0 kWh,0 MT CO2,4051370043
168,168,168,168,168,168,168,168,168,168,20,NYPD,Flushing Armory (Queens North Task Force),137-58 Northern Blvd,Queens,EJZ,,0.00 kW,0 kWh,0 MT CO2,4049770039
169,169,169,169,169,169,169,169,169,169,20,DOE,Q162,201-02 53 AVENUE,Queens,EJZ,,104.30 kW,"108,738 kWh",28 MT CO2,4074100001
170,170,170,170,170,170,170,170,170,170,20,DPR,Al Oerter Recreation Center,131-40 Fowler Ave,Queens,,,119.00 kW,"139,687 kWh",36 MT CO2,4020180001
171,171,171,171,171,171,171,171,171,171,20,DOE,Q020,142-30 BARCLAY AVENUE,Queens,EJZ,,210.30 kW,"277,269 kWh",72 MT CO2,4050470001
172,172,172,172,172,172,172,172,172,172,21,DPR,FMCP Aquatic Center,131-00 Avery Ave,Queens,,,0.00 kW,0 kWh,0 MT CO2,4
173,173,173,173,173,173,173,173,173,173,21,DOE,Q292,99-01 34th Ave,Queens,EJZ,,0.00 kW,0 kWh,0 MT CO2,4017140018
174,174,174,174,174,174,174,174,174,174,21,DPR,Olmsted Center Campus: FMCP Garage,12 Olmsted Dr,Queens,,,28.30 kW,"39,966 kWh",10 MT CO2,4020180500
175,175,175,175,175,175,175,175,175,175,21,QPL,East Elmhurst Community Library,95-06 Astoria Blvd,Queens,EJZ,,33.50 kW,"45,004 kWh",12 MT CO2,4013750001
176,176,176,176,176,176,176,176,176,176,21,DOE,Q014,107-01 OTIS AVENUE,Queens,EJZ,,68.30 kW,"91,451 kWh",24 MT CO2,4019540037
177,177,177,177,177,177,177,177,177,177,21,DOE,Q019,98-02 ROOSEVELT AVE.,Queens,EJZ,Yes,68.50 kW,"83,843 kWh",22 MT CO2,4016070001
178,178,178,178,178,178,178,178,178,178,21,DOE,Q227,32-02 JUNCTION BLVD,Queens,EJZ,Yes,143.30 kW,"168,211 kWh",44 MT CO2,4014230001
179,179,179,179,179,179,179,179,179,179,21,DPR,Olmsted Center,Flushing Meadows-Corona Park,Queens,,,260.80 kW,"306,137 kWh",80 MT CO2,4
180,180,180,180,180,180,180,180,180,180,22,DOE,Q151,50-05 31 AVENUE,Queens,,,87.80 kW,"116,108 kWh",30 MT CO2,4007520001
181,181,181,181,181,181,181,181,181,181,22,DOC,Rikers Island New Central Warehouse,15-15 Hazen Street,Bronx,,,88.50 kW,"103,885 kWh",27 MT CO2,2026050040
182,182,182,182,182,182,182,182,182,182,22,DOC,800 Bed Addition,16-16 Hazen St,Queens,,,97.00 kW,"113,862 kWh",30 MT CO2,4
183,183,183,183,183,183,183,183,183,183,22,DOE,Q171,14-14 29 AVENUE,Queens,EJZ,Yes,148.50 kW,"177,546 kWh",46 MT CO2,4005370014
184,184,184,184,184,184,184,184,184,184,22,DOE,Q126,31-51 21 STREET,Queens,,Yes,160.00 kW,"179,235 kWh",47 MT CO2,4005530001
185,185,185,185,185,185,185,185,185,185,23,DOE,Q035,191-02 90 AVENUE,Queens,EJZ,,81.90 kW,"108,414 kWh",28 MT CO2,4104470007
186,186,186,186,186,186,186,186,186,186,23,DOE,Q033,91-37 222 STREET,Queens,EJZ,,83.60 kW,"98,133 kWh",26 MT CO2,4107560001
187,187,187,187,187,187,187,187,187,187,23,QPL,Glen Oaks Community Library,256-04 Union Tpke,Queens,EJZ,,106.80 kW,"125,366 kWh",33 MT CO2,4086930010
188,188,188,188,188,188,188,188,188,188,23,DOE,Q115,80-51 261 STREET,Queens,,Yes,133.90 kW,"157,177 kWh",41 MT CO2,4087170001
189,189,189,189,189,189,189,189,189,189,23,DOE,Q213,231-02 67 AVENUE,Queens,EJZ,Yes,145.00 kW,"176,892 kWh",46 MT CO2,4076770001
190,190,190,190,190,190,190,190,190,190,23,DOE,Q178,189-10 RADNOR ROAD,Queens,,Yes,149.10 kW,"180,978 kWh",47 MT CO2,4072770001
191,191,191,191,191,191,191,191,191,191,23,NYPD,Old 107th Precinct,186-01 73rd Ave,Queens,EJZ,,164.70 kW,"193,331 kWh",50 MT CO2,4071150030
192,192,192,192,192,192,192,192,192,192,23,DOE,Q135,207-11 89 AVENUE,Queens,EJZ,,173.60 kW,"229,883 kWh",60 MT CO2,4105820016
193,193,193,193,193,193,193,193,193,193,23,DOE,Q435,230-17 HILLSIDE AVENUE,Queens,EJZ,,473.00 kW,"635,210 kWh",165 MT CO2,4079300002
194,194,194,194,194,194,194,194,194,194,24,DOE,Q131,170-45 84 AVENUE,Queens,EJZ,,0.00 kW,0 kWh,0 MT CO2,4098750001
195,195,195,195,195,195,195,195,195,195,24,DOE,Q515,149-11 MELBOURNE AVENUE,Queens,EJZ,,0.00 kW,0 kWh,0 MT CO2,4065070200
196,196,196,196,196,196,196,196,196,196,24,DOE,Q695,160-20 GOETHALS AVENUE,Queens,EJZ,,0.00 kW,0 kWh,0 MT CO2,4068580050
197,197,197,197,197,197,197,197,197,197,24,FDNY,EMS 50,159-10 Goethals Ave,Queens,EJZ,,0.00 kW,0 kWh,0 MT CO2,4068580001
198,198,198,198,198,198,198,198,198,198,24,DHS,Briarwood Residence,80-20 134th St,Queens,EJZ,,6.10 kW,"7,160 kWh",2 MT CO2,4096620020
199,199,199,199,199,199,199,199,199,199,24,NYPD,107th Precinct,71-01 Parsons Blvd,Queens,EJZ,,9.15 kW,"10,741 kWh",3 MT CO2,4067970040
200,200,200,200,200,200,200,200,200,200,25,HHC,Women's Health Pavilion,78-20 41st Ave,Queens,EJZ,,0.00 kW,0 kWh,0 MT CO2,4015000002
201,201,201,201,201,201,201,201,201,201,25,QPL,Elmhurst (ALC) Community Library,85-08 51st Ave,Queens,EJZ,,9.15 kW,"10,741 kWh",3 MT CO2,4015490001
202,202,202,202,202,202,202,202,202,202,25,DOE,Q102,55-24 VAN HORN STREET,Queens,EJZ,,38.70 kW,"48,184 kWh",13 MT CO2,4028790031
203,203,203,203,203,203,203,203,203,203,25,HHC,Hope Pavilion,77-04 41st Ave,Queens,,,42.70 kW,"50,123 kWh",13 MT CO2,4014970001
204,204,204,204,204,204,204,204,204,204,25,DOE,Q089,85-28 BRITTON AVENUE,Queens,EJZ,,46.80 kW,"59,918 kWh",16 MT CO2,4015140001
205,205,205,205,205,205,205,205,205,205,25,DOE,Q007,80-55 Cornish Ave,Queens,EJZ,,52.10 kW,"58,935 kWh",15 MT CO2,4015380075
206,206,206,206,206,206,206,206,206,206,25,DOE,Q280,34-20 94TH STREET,Queens,EJZ,,77.40 kW,"101,936 kWh",27 MT CO2,4014540018
207,207,207,207,207,207,207,207,207,207,26,DOE,Q570,35-12 35TH AVENUE,Queens,EJZ,,0.00 kW,0 kWh,0 MT CO2,4006390016
208,208,208,208,208,208,208,208,208,208,26,QPL,Broadway Community Library,40-20 Broadway,Queens,EJZ,,3.05 kW,"3,580 kWh",1 MT CO2,4006760050
209,209,209,209,209,209,209,209,209,209,26,DCLA,Museum of the Moving Image,36-01 35th Ave,Queens,,,30.50 kW,"35,810 kWh",9 MT CO2,4006440001
210,210,210,210,210,210,210,210,210,210,26,NYPD,Central Motor Repair Shop,53-15 58th St,Queens,,,106.80 kW,"125,366 kWh",33 MT CO2,4023610150
211,211,211,211,211,211,211,211,211,211,26,FDNY,"Engine Co. 259 and Ladder Co. 128, Batt. 45",33-51 Greenpoint Ave,Queens,EJZ,,131.20 kW,"154,008 kWh",40 MT CO2,4003070029
212,212,212,212,212,212,212,212,212,212,26,CUNY,C - Center 3 Building,29-10 Thomson Ave,Queens,,,143.40 kW,"186,149 kWh",48 MT CO2,4002730001
213,213,213,213,213,213,213,213,213,213,26,DHS,Borden Avenue Shelter,21-10 Borden Ave,Queens,,,298.90 kW,"350,861 kWh",91 MT CO2,4000680002
214,214,214,214,214,214,214,214,214,214,26,DOE,Q801,44-36 VERNON BLVD,Queens,,Yes,299.64 kW,"351,729 kWh",92 MT CO2,4004890001
215,215,215,215,215,215,215,215,215,215,27,DOE,Q116,107-25 WREN PLACE,Queens,EJZ,,75.40 kW,"100,468 kWh",26 MT CO2,4102500001
216,216,216,216,216,216,216,216,216,216,27,DOE,Q136,201-15 115 AVENUE,Queens,EJZ,,137.20 kW,"185,201 kWh",48 MT CO2,4110180021
217,217,217,217,217,217,217,217,217,217,28,DOE,Q124,129-15 150 AVENUE,Queens,EJZ,,33.60 kW,"39,441 kWh",10 MT CO2,4118820001
218,218,218,218,218,218,218,218,218,218,28,DEP,150-20 134th St,Jamaica WPCP,Queens,,,39.70 kW,"46,612 kWh",12 MT CO2,4
219,219,219,219,219,219,219,219,219,219,28,DEP,150-20 Rear 134th St,Jamaica WPCP,Queens,,,79.30 kW,"93,107 kWh",24 MT CO2,4
220,220,220,220,220,220,220,220,220,220,28,DOE,Q030,126-10 BEDELL STREET,Queens,EJZ,,85.40 kW,"100,246 kWh",26 MT CO2,4124950065
221,221,221,221,221,221,221,221,221,221,28,DOE,Q875,142-10 LINDEN BLVD,Queens,EJZ,,133.90 kW,"177,895 kWh",46 MT CO2,4119720070
222,222,222,222,222,222,222,222,222,222,28,DOE,Q400,156-10 BAISLEY BLVD,Queens,EJZ,Yes,219.64 kW,"257,822 kWh",67 MT CO2,4122610001
223,223,223,223,223,223,223,223,223,223,29,QPL,Richmond Hill Community Library,118-14 Hillside Ave,Queens,,,6.10 kW,"7,160 kWh",2 MT CO2,4092640056
224,224,224,224,224,224,224,224,224,224,29,QPL,Forest Hills Community Library,108-19 71st Ave,Queens,,,12.20 kW,"14,321 kWh",4 MT CO2,4022230054
225,225,225,225,225,225,225,225,225,225,29,DOE,Q303,108-55 69 AVENUE,Queens,,,16.30 kW,"21,519 kWh",6 MT CO2,4022180021
226,226,226,226,226,226,226,226,226,226,29,DPR,Lost Battalion Hall Recreation Center,93-29 Queens Blvd,Queens,EJZ,,30.50 kW,"35,802 kWh",9 MT CO2,4020770050
227,227,227,227,227,227,227,227,227,227,29,DOE,Q686,91-30 METROPOLITAN AVENUE,Queens,,,76.30 kW,"89,564 kWh",23 MT CO2,4038860800
228,228,228,228,228,228,228,228,228,228,29,DOE,Q099,82-37 KEW GARDENS ROAD,Queens,EJZ,,90.90 kW,"106,702 kWh",28 MT CO2,4033600001
229,229,229,229,229,229,229,229,229,229,29,DOE,Q196,71-25 113 STREET,Queens,EJZ,,91.00 kW,"118,641 kWh",31 MT CO2,4022480100
230,230,230,230,230,230,230,230,230,230,29,DOE,Q220,62-10 108 STREET,Queens,,Yes,106.80 kW,"125,366 kWh",33 MT CO2,4021430001
231,231,231,231,231,231,231,231,231,231,29,DOE,Q175,64-35 102 STREET,Queens,,Yes,121.90 kW,"149,633 kWh",39 MT CO2,4021280014
232,232,232,232,232,232,232,232,232,232,30,DPR,Forest Park DPR Shops,82-99 88th Pl,Queens,,,0.00 kW,0 kWh,0 MT CO2,4038690083
233,233,233,233,233,233,233,233,233,233,30,FDNY,Queens Central Office,83-24 Woodhaven Blvd,Queens,,,0.00 kW,0 kWh,0 MT CO2,4038660162
234,234,234,234,234,234,234,234,234,234,30,DOE,Q087,67-54 80 STREET,Queens,,,6.10 kW,"7,160 kWh",2 MT CO2,4037820027
235,235,235,235,235,235,235,235,235,235,30,QPL,Ridgewood Community Library,20-12 Madison St,Queens,,,14.90 kW,"17,490 kWh",5 MT CO2,4034910001
236,236,236,236,236,236,236,236,236,236,30,DOE,Q113,87-21 79 AVENUE,Queens,,,52.00 kW,"69,769 kWh",18 MT CO2,4038460040
237,237,237,237,237,237,237,237,237,237,30,DOE,Q485,21-27 HIMROD STREET,Queens,,Yes,296.14 kW,"347,621 kWh",91 MT CO2,4033630001
238,238,238,238,238,238,238,238,238,238,31,DSNY,Queens 14 District Garage,51-10 Almeda Ave,Queens,EJZ,,0.00 kW,0 kWh,0 MT CO2,4159800100
239,239,239,239,239,239,239,239,239,239,31,DOE,Q270,233-15 MERRICK BOULEVARD,Queens,EJZ,,3.05 kW,"3,580 kWh",1 MT CO2,4129730001
240,240,240,240,240,240,240,240,240,240,31,NYPD,101st Precinct,16-12 Mott Ave,Queens,EJZ,,21.40 kW,"25,120 kWh",7 MT CO2,4155570004
241,241,241,241,241,241,241,241,241,241,31,DHS,Springfield Family Residence,146-80 Guy R. Brewer Blvd,Queens,EJZ,,46.20 kW,"63,550 kWh",17 MT CO2,4133070091
242,242,242,242,242,242,242,242,242,242,31,DOE,Q042,488 BEACH 66 STREET,Queens,EJZ,,79.40 kW,"93,203 kWh",24 MT CO2,4160390014
243,243,243,243,243,243,243,243,243,243,31,DOE,Q333,365 BEACH 56 STREET,Queens,EJZ,,108.20 kW,"149,683 kWh",39 MT CO2,4158940011
244,244,244,244,244,244,244,244,244,244,31,DOE,Q231,145-00 SPRINGFIELD BLVD,Queens,EJZ,Yes,179.52 kW,"210,728 kWh",55 MT CO2,4133310001
245,245,245,245,245,245,245,245,245,245,32,DOE,Q273,88-07 102ND STREET,Queens,EJZ,,9.15 kW,"10,741 kWh",3 MT CO2,4092880101
246,246,246,246,246,246,246,246,246,246,32,DOE,Q262,95-16 89TH AVE.,Queens,EJZ,,11.90 kW,"13,969 kWh",4 MT CO2,4089750100
247,247,247,247,247,247,247,247,247,247,32,DOE,Q137,109-15 98TH STREET,Queens,EJZ,,98.80 kW,"134,700 kWh",35 MT CO2,4091720001
248,248,248,248,248,248,248,248,248,248,33,DEP,Main Building,329 Greenpoint Ave,Brooklyn,,,0.00 kW,0 kWh,0 MT CO2,3
249,249,249,249,249,249,249,249,249,249,33,DEP,Main Building Area 1,281 Greenpoint Ave,Brooklyn,,,0.00 kW,0 kWh,0 MT CO2,3025250001
250,250,250,250,250,250,250,250,250,250,33,DEP,Main Building Area 2,281 Greenpoint Ave,Brooklyn,,,0.00 kW,0 kWh,0 MT CO2,3025250001
251,251,251,251,251,251,251,251,251,251,33,DOE,K313,283 ADAMS STREET,Brooklyn,,,0.00 kW,0 kWh,0 MT CO2,3001400010
252,252,252,252,252,252,252,252,252,252,33,DOE,K802,131 LIVINGSTON STREET,Brooklyn,,,0.00 kW,0 kWh,0 MT CO2,3001540001
253,253,253,253,253,253,253,253,253,253,33,NYPD,94th Precinct,100 Meserole Ave,Brooklyn,,,1.53 kW,"1,796 kWh",0.5 MT CO2,3026190001
254,254,254,254,254,254,254,254,254,254,33,DOE,K054,195 SANFORD STREET,Brooklyn,EJZ,,1.83 kW,"2,148 kWh",1 MT CO2,3017650015
255,255,255,255,255,255,255,255,255,255,33,DOE,K034,131 NORMAN AVENUE,Brooklyn,EJZ,,12.20 kW,"14,321 kWh",4 MT CO2,3026220028
256,256,256,256,256,256,256,256,256,256,33,NYPD,Tow Pound Operations Building,Brooklyn Navy Yard,Brooklyn,,,12.70 kW,"17,022 kWh",4 MT CO2,3
257,257,257,257,257,257,257,257,257,257,33,DOE,K008,37 HICKS STREET,Brooklyn,,,18.30 kW,"21,481 kWh",6 MT CO2,3002110001
258,258,258,258,258,258,258,258,258,258,33,DEP,S Control Bg,281 Greenpoint Ave,Brooklyn,,,70.20 kW,"82,404 kWh",21 MT CO2,3025250001
259,259,259,259,259,259,259,259,259,259,33,DOE,K307,209 YORK STREET,Brooklyn,,,91.30 kW,"107,172 kWh",28 MT CO2,3000560007
260,260,260,260,260,260,260,260,260,260,33,DEP,Cntr Residuals Bg,353 Greenpoint Ave,Brooklyn,,,97.60 kW,"114,567 kWh",30 MT CO2,3025250001
261,261,261,261,261,261,261,261,261,261,33,DOE,K806,362 SCHERMERHORN ST.,Brooklyn,,,144.00 kW,"191,272 kWh",50 MT CO2,3001740001
262,262,262,262,262,262,262,262,262,262,33,DOE,K126,424 LEONARD STREET,Brooklyn,,Yes,208.08 kW,"244,253 kWh",64 MT CO2,3027120001
263,263,263,263,263,263,263,263,263,263,33,DOE,K650,257 NORTH 6TH ST.,Brooklyn,,,227.80 kW,"299,051 kWh",78 MT CO2,3023300011
264,264,264,264,264,264,264,264,264,264,33,DOE,K117,300 WILLOUGHBY AVENUE,Brooklyn,EJZ,Yes,252.00 kW,"283,135 kWh",74 MT CO2,3
265,265,265,265,265,265,265,265,265,265,33,DOE,K497,284 BALTIC STREET,Brooklyn,,,261.00 kW,"349,512 kWh",91 MT CO2,3004020001
266,266,266,266,266,266,266,266,266,266,34,DOE,K123,100 IRVING AVENUE,Brooklyn,EJZ,,0.00 kW,0 kWh,0 MT CO2,3032030001
267,267,267,267,267,267,267,267,267,267,34,FDNY,Greenpoint EMT Station,332 Metropolitan Ave,Brooklyn,,,3.05 kW,"3,580 kWh",1 MT CO2,3023680012
268,268,268,268,268,268,268,268,268,268,34,DOE,Q245,378 SENECA AVE.,Queens,,,6.10 kW,"7,160 kWh",2 MT CO2,4034280015
269,269,269,269,269,269,269,269,269,269,34,BPL,DeKalb Branch Library,790 Bushwick Ave,Brooklyn,EJZ,,6.10 kW,"7,162 kWh",2 MT CO2,3032410018
270,270,270,270,270,270,270,270,270,270,34,DOE,K132,320 MANHATTAN AVENUE,Brooklyn,,,15.30 kW,"17,960 kWh",5 MT CO2,3027590001
271,271,271,271,271,271,271,271,271,271,34,BPL,Leonard Branch Library,82 Devoe St,Brooklyn,,,15.30 kW,"17,964 kWh",5 MT CO2,3027680017
272,272,272,272,272,272,272,272,272,272,34,DOE,K017,208 NORTH 5 STREET,Brooklyn,,,27.50 kW,"32,281 kWh",8 MT CO2,3023450001
273,273,273,273,273,273,273,273,273,273,34,DOE,Q848,511 SENECA AVENUE,Queens,,,45.80 kW,"53,762 kWh",14 MT CO2,4034340001
274,274,274,274,274,274,274,274,274,274,34,DOE,Q849,976 SENECA AVENUE,Queens,,,97.30 kW,"114,215 kWh",30 MT CO2,4035630023
275,275,275,275,275,275,275,275,275,275,34,DEP,BWS Storehouse (GS1),1201 Metropolitan Ave,Brooklyn,,,135.50 kW,"183,187 kWh",48 MT CO2,3029440011
276,276,276,276,276,276,276,276,276,276,34,DOE,K049,223 GRAHAM AVENUE,Brooklyn,EJZ,Yes,189.10 kW,"220,983 kWh",58 MT CO2,3030250001
277,277,277,277,277,277,277,277,277,277,35,DCLA,Brooklyn Academy of Music (BAM Richard B. Fisher Building),321 Ashland Pl,Brooklyn,,,0.00 kW,0 kWh,0 MT CO2,3021110011
278,278,278,278,278,278,278,278,278,278,35,DCLA,Brooklyn Botanic Garden Administrative Building,1000 Washington Ave,Brooklyn,,,0.00 kW,0 kWh,0 MT CO2,3011830001
279,279,279,279,279,279,279,279,279,279,35,DCLA,Brooklyn Botanic Garden Conservatory,1000 Washington Ave,Brooklyn,,,0.00 kW,0 kWh,0 MT CO2,3023690006
280,280,280,280,280,280,280,280,280,280,35,DOE,K430,29 FORT GREENE PL.,Brooklyn,,,0.00 kW,0 kWh,0 MT CO2,3020980013
281,281,281,281,281,281,281,281,281,281,35,DHS,Atlantic Avenue Men's Shelter (Armory),1322 Bedford Ave,Brooklyn,EJZ,,0.00 kW,0 kWh,0 MT CO2,3011990015
282,282,282,282,282,282,282,282,282,282,35,DOE,K813,355 PARK PLACE,Brooklyn,,,1.22 kW,"1,432 kWh",0.4 MT CO2,3011600001
283,283,283,283,283,283,283,283,283,283,35,DOE,K805,49 FLATBUSH AVE. EXT.,Brooklyn,,,5.67 kW,"6,656 kWh",2 MT CO2,3001200020
284,284,284,284,284,284,284,284,284,284,35,FDNY,Brooklyn Central Office,35 Empire Blvd,Brooklyn,,,6.10 kW,"7,160 kWh",2 MT CO2,3011830051
285,285,285,285,285,285,285,285,285,285,35,BPL,Eastern Parkway Branch Library and Learning Center,1044 Eastern Pkwy,Brooklyn,EJZ,,15.30 kW,"17,960 kWh",5 MT CO2,3013960006
286,286,286,286,286,286,286,286,286,286,35,DHS,Auburn Family Residence,39 Auburn Place,Brooklyn,EJZ,,36.60 kW,"42,963 kWh",11 MT CO2,3020390071
287,287,287,287,287,287,287,287,287,287,35,DOE,K020,225 ADELPHI STREET,Brooklyn,,,54.90 kW,"64,444 kWh",17 MT CO2,3020910003
288,288,288,288,288,288,288,288,288,288,35,DEP,Hazmat Citywide Field Operations,82 Emerson Pl,Brooklyn,EJZ,,58.50 kW,"80,596 kWh",21 MT CO2,3018940038
289,289,289,289,289,289,289,289,289,289,35,DOE,K287,50 NAVY STREET,Brooklyn,EJZ,,136.60 kW,"160,347 kWh",42 MT CO2,3001110001
290,290,290,290,290,290,290,290,290,290,35,DOE,K600,901 CLASSON AVE,Brooklyn,EJZ,,158.00 kW,"172,029 kWh",45 MT CO2,3011880001
291,291,291,291,291,291,291,291,291,291,35,BPL,Central Library and Learning Center,10 Grand Army Plz,Brooklyn,,,170.80 kW,"200,538 kWh",52 MT CO2,3011830002
292,292,292,292,292,292,292,292,292,292,36,DPR,St. Johns Recreation Center,1251 Prospect Pl,Brooklyn,EJZ,,28.40 kW,"33,337 kWh",9 MT CO2,3013530001
293,293,293,293,293,293,293,293,293,293,36,DOE,K853,234 HERKIMER STREET,Brooklyn,EJZ,,81.40 kW,"95,551 kWh",25 MT CO2,3018680028
294,294,294,294,294,294,294,294,294,294,36,DOE,K210,188 ROCHESTER AVENUE,Brooklyn,EJZ,Yes,121.00 kW,"148,336 kWh",39 MT CO2,3013670022
295,295,295,295,295,295,295,295,295,295,36,DOE,K003,50 JEFFERSON AVE.,Brooklyn,EJZ,Yes,135.00 kW,"170,367 kWh",44 MT CO2,3019980001
296,296,296,296,296,296,296,296,296,296,36,DOE,K023,545 WILLOUGHBY AVENUE,Brooklyn,EJZ,,172.60 kW,"236,307 kWh",62 MT CO2,3017590013
297,297,297,297,297,297,297,297,297,297,37,NYPD,Facilities Management Division,127 Pennsylvania Ave,Brooklyn,EJZ,,0.00 kW,0 kWh,0 MT CO2,3036870001
298,298,298,298,298,298,298,298,298,298,37,BPL,Arlington Branch Library,203 Arlington Ave,Brooklyn,EJZ,,1.22 kW,"1,432 kWh",0.4 MT CO2,3039230052
299,299,299,299,299,299,299,299,299,299,37,DOE,K086,220 IRVING AVENUE,Brooklyn,EJZ,,2.84 kW,"3,334 kWh",1 MT CO2,3032890027
300,300,300,300,300,300,300,300,300,300,37,DOE,K814,265 WARWICK STREET,Brooklyn,EJZ,,6.10 kW,"7,160 kWh",2 MT CO2,3039520047
301,301,301,301,301,301,301,301,301,301,37,DOE,K073,251 MAC DOUGAL STREET,Brooklyn,EJZ,,25.40 kW,"34,822 kWh",9 MT CO2,30001
302,302,302,302,302,302,302,302,302,302,37,DOE,K798,696 JAMAICA AVENUE,Brooklyn,EJZ,,42.40 kW,"49,771 kWh",13 MT CO2,3041020019
303,303,303,303,303,303,303,303,303,303,37,DOE,K151,763 KNICKERBOCKER AVENUE,Brooklyn,EJZ,,53.10 kW,"62,331 kWh",16 MT CO2,3034060001
304,304,304,304,304,304,304,304,304,304,37,DOE,K345,111 BERRIMAN STREET,Brooklyn,EJZ,,131.20 kW,"154,008 kWh",40 MT CO2,3039900001
305,305,305,305,305,305,305,305,305,305,37,DOE,K377,200 WOODBINE STREET,Brooklyn,EJZ,,216.10 kW,"289,921 kWh",75 MT CO2,3033600001
306,306,306,306,306,306,306,306,306,306,38,DOE,K971,6214 4TH AVE.,Brooklyn,EJZ,,3.05 kW,"3,580 kWh",1 MT CO2,3057990038
307,307,307,307,307,307,307,307,307,307,38,DOE,K486,1171 65TH STREET,Brooklyn,EJZ,,25.70 kW,"33,752 kWh",9 MT CO2,3057450029
308,308,308,308,308,308,308,308,308,308,38,NYPD,68th Precinct,333 65th St,Brooklyn,,,27.50 kW,"32,281 kWh",8 MT CO2,3058170055
309,309,309,309,309,309,309,309,309,309,38,DOE,K564,153 35TH STREET,Brooklyn,EJZ,,56.70 kW,"66,557 kWh",17 MT CO2,3006880050
310,310,310,310,310,310,310,310,310,310,38,DOE,K371,355 37 STREET,Brooklyn,EJZ,,70.80 kW,"83,108 kWh",22 MT CO2,3006960031
311,311,311,311,311,311,311,311,311,311,38,DOE,K220,4812 9TH AVE.,Brooklyn,EJZ,,106.90 kW,"125,612 kWh",33 MT CO2,3007780023
312,312,312,312,312,312,312,312,312,312,39,BPL,Park Slope Branch Library,431 6th Ave,Brooklyn,,,0.92 kW,"1,074 kWh",0.3 MT CO2,3010060001
313,313,313,313,313,313,313,313,313,313,39,DPR,Prospect Park Maintenance Facility,Prospect Park West at 7th st,Brooklyn,,,3.97 kW,"4,660 kWh",1 MT CO2,3015280001
314,314,314,314,314,314,314,314,314,314,39,DOE,K039,417 6TH AVENUE,Brooklyn,,,24.40 kW,"28,642 kWh",7 MT CO2,3010000001
315,315,315,315,315,315,315,315,315,315,39,DOE,K154,1625 11th Ave,Brooklyn,,,33.60 kW,"42,799 kWh",11 MT CO2,3052570001
316,316,316,316,316,316,316,316,316,316,39,DOE,K029,425 HENRY STREET,Brooklyn,,,41.50 kW,"48,714 kWh",13 MT CO2,3003110001
317,317,317,317,317,317,317,317,317,317,39,DOE,K077,62 PARK PLACE,Brooklyn,,,52.00 kW,"69,475 kWh",18 MT CO2,3009410050
318,318,318,318,318,318,318,318,318,318,39,DOE,K142,610 HENRY STREET,Brooklyn,,Yes,155.20 kW,"194,926 kWh",51 MT CO2,3003690001
319,319,319,319,319,319,319,319,319,319,39,DSNY,Brooklyn South 6 District Garage,129 2nd Ave,Brooklyn,,,167.70 kW,"215,108 kWh",56 MT CO2,3010200001
320,320,320,320,320,320,320,320,320,320,40,BPL,Flatbush Branch Library and Learning Center,22 Linden Blvd,Brooklyn,EJZ,,12.20 kW,"14,324 kWh",4 MT CO2,3050860015
321,321,321,321,321,321,321,321,321,321,40,DOE,K245,249 E. 17TH STREET,Brooklyn,EJZ,,25.40 kW,"34,867 kWh",9 MT CO2,3051210032
322,322,322,322,322,322,322,322,322,322,40,DOE,K217,1100 NEWKIRK AVE.,Brooklyn,,,75.00 kW,"88,038 kWh",23 MT CO2,3052320001
323,323,323,323,323,323,323,323,323,323,40,HHC,"Kings County Hospital Buildings A, B, C",451 Clarkson Ave,Brooklyn,EJZ,,121.10 kW,"142,152 kWh",37 MT CO2,3048290001
324,324,324,324,324,324,324,324,324,324,40,DOE,K092,601 PARKSIDE AVENUE,Brooklyn,EJZ,,130.00 kW,"180,415 kWh",47 MT CO2,3050490055
325,325,325,325,325,325,325,325,325,325,40,DOE,K249,18 MARLBOROUGH ROAD,Brooklyn,EJZ,,189.00 kW,"221,856 kWh",58 MT CO2,3015280001
326,326,326,326,326,326,326,326,326,326,40,DOE,K470,600 KINGSTON AVE.,Brooklyn,EJZ,Yes,248.54 kW,"291,746 kWh",76 MT CO2,3048110001
327,327,327,327,327,327,327,327,327,327,41,DHS,Dean Street Family Residence,2155 Dean Street,Brooklyn,EJZ,,2.14 kW,"2,512 kWh",1 MT CO2,3014400073
328,328,328,328,328,328,328,328,328,328,41,HRA,Brownsville Multi Service Center,444 Thomas Boyland St,Brooklyn,EJZ,,18.30 kW,"21,481 kWh",6 MT CO2,3034960004
329,329,329,329,329,329,329,329,329,329,41,DOE,K135,684 LINDEN BLVD,Brooklyn,EJZ,,54.90 kW,"64,444 kWh",17 MT CO2,3046730001
330,330,330,330,330,330,330,330,330,330,41,DOE,K091,532 ALBANY AVENUE,Brooklyn,EJZ,,56.40 kW,"66,205 kWh",17 MT CO2,3047940026
331,331,331,331,331,331,331,331,331,331,41,DHS,East New York Avenue SRO Residence,1385 East New York Ave,Brooklyn,EJZ,,61.00 kW,"71,604 kWh",19 MT CO2,3014720001
332,332,332,332,332,332,332,332,332,332,41,DOE,K232,905 WINTHROP STREET,Brooklyn,EJZ,Yes,112.90 kW,"132,527 kWh",35 MT CO2,3046060025
333,333,333,333,333,333,333,333,333,333,41,DOE,K005,820 HANCOCK STREET,Brooklyn,EJZ,Yes,184.30 kW,"225,851 kWh",59 MT CO2,3014900001
334,334,334,334,334,334,334,334,334,334,41,DOE,K309,794 MONROE STREET,Brooklyn,EJZ,Yes,219.90 kW,"258,127 kWh",67 MT CO2,3016430036
335,335,335,335,335,335,335,335,335,335,41,DOE,K391,790 EAST NEW YORK AVENUE,Brooklyn,EJZ,Yes,290.10 kW,"340,531 kWh",89 MT CO2,3048060001
336,336,336,336,336,336,336,336,336,336,42,DPR,Brownsville Recreation Center,1555 Linden Blvd,Brooklyn,EJZ,,21.40 kW,"25,120 kWh",7 MT CO2,3038680002
337,337,337,337,337,337,337,337,337,337,42,DOE,K190,590 SHEFFIELD AVENUE,Brooklyn,EJZ,,24.40 kW,"28,642 kWh",7 MT CO2,3038380018
338,338,338,338,338,338,338,338,338,338,42,DOE,K159,2781 PITKIN AVENUE,Brooklyn,EJZ,,30.50 kW,"35,802 kWh",9 MT CO2,3042160001
339,339,339,339,339,339,339,339,339,339,42,DOE,K165,76 LOTT AVENUE,Brooklyn,EJZ,,36.60 kW,"42,963 kWh",11 MT CO2,3036220023
340,340,340,340,340,340,340,340,340,340,42,DOE,K149,700 SUTTER AVENUE,Brooklyn,EJZ,,42.70 kW,"50,123 kWh",13 MT CO2,3037740016
341,341,341,341,341,341,341,341,341,341,42,DEP,Brooklyn Repair - Remsen Yard,855 Remsen Ave,Brooklyn,,,164.80 kW,"221,291 kWh",58 MT CO2,3081160001
342,342,342,342,342,342,342,342,342,342,42,DOE,K213,580 HEGEMAN AVE.,Brooklyn,EJZ,,173.90 kW,"204,131 kWh",53 MT CO2,3043240001
343,343,343,343,343,343,343,343,343,343,42,DOE,K275,985 ROCKAWAY AVENUE,Brooklyn,EJZ,Yes,271.50 kW,"318,698 kWh",83 MT CO2,3036360007
344,344,344,344,344,344,344,344,344,344,43,DOE,K807,109 BAY 14 STREET,Brooklyn,EJZ,,59.80 kW,"77,347 kWh",20 MT CO2,3063990040
345,345,345,345,345,345,345,345,345,345,43,DOE,K204,8101 15TH AVE.,Brooklyn,,,75.10 kW,"96,596 kWh",25 MT CO2,3062940001
346,346,346,346,346,346,346,346,346,346,43,DOE,K259,7305 FT HAMILTON PKWY,Brooklyn,,,115.40 kW,"150,258 kWh",39 MT CO2,3059230001
347,347,347,347,347,347,347,347,347,347,44,DOE,K686,50 AVENUE P,Brooklyn,,,0.00 kW,0 kWh,0 MT CO2,3066180001
348,348,348,348,348,348,348,348,348,348,44,BPL,Kensington Branch Library,4209 18th Ave,Brooklyn,EJZ,,3.05 kW,"3,581 kWh",1 MT CO2,3054160014
349,349,349,349,349,349,349,349,349,349,44,DOE,K134,4001 18 AVE.,Brooklyn,EJZ,,11.70 kW,"15,878 kWh",4 MT CO2,3054160048
350,350,350,350,350,350,350,350,350,350,44,DOE,K192,4715 18 AVENUE,Brooklyn,,,29.60 kW,"34,746 kWh",9 MT CO2,3054450001
351,351,351,351,351,351,351,351,351,351,44,DOE,K048,6015 18TH AVE.,Brooklyn,EJZ,,36.60 kW,"42,963 kWh",11 MT CO2,3055190001
352,352,352,352,352,352,352,352,352,352,44,DOE,K160,5105 FT. HAMILTON PKWY,Brooklyn,EJZ,,57.20 kW,"74,677 kWh",19 MT CO2,3056530021
353,353,353,353,353,353,353,353,353,353,45,DOE,K405,2839 BEDFORD AVENUE,Brooklyn,EJZ,,0.00 kW,0 kWh,0 MT CO2,3075530041
354,354,354,354,354,354,354,354,354,354,45,DOE,K729,3920 FLATLANDS AVENUE,Brooklyn,,,27.10 kW,"31,811 kWh",8 MT CO2,3078610025
355,355,355,355,355,355,355,355,355,355,45,DOE,K181,1023 NEW YORK AVENUE,Brooklyn,EJZ,,37.70 kW,"51,075 kWh",13 MT CO2,3049040010
356,356,356,356,356,356,356,356,356,356,45,DOE,K198,4105 FARRAGUT ROAD,Brooklyn,EJZ,,110.20 kW,"148,870 kWh",39 MT CO2,3049880066
357,357,357,357,357,357,357,357,357,357,45,DOE,K244,5404 TILDEN AVENUE,Brooklyn,EJZ,,122.50 kW,"169,288 kWh",44 MT CO2,3050750001
358,358,358,358,358,358,358,358,358,358,46,NYPD,Highway District Unit 2,2900 Flatbush Ave,Brooklyn,,,0.00 kW,0 kWh,0 MT CO2,3085900600
359,359,359,359,359,359,359,359,359,359,46,DOE,K366,965 EAST 107TH STREET,Brooklyn,EJZ,,8.54 kW,"10,025 kWh",3 MT CO2,3082150012
360,360,360,360,360,360,360,360,360,360,46,DOE,K207,4011 FILLMORE AVE.,Brooklyn,,,75.60 kW,"88,742 kWh",23 MT CO2,3084840001
361,361,361,361,361,361,361,361,361,361,46,DOE,K222,3301 QUENTIN ROAD,Brooklyn,,,85.40 kW,"100,246 kWh",26 MT CO2,3077060001
362,362,362,362,362,362,362,362,362,362,46,DOE,K203,5101 AVENUE M,Brooklyn,EJZ,,93.90 kW,"110,224 kWh",29 MT CO2,3078490001
363,363,363,363,363,363,363,363,363,363,46,DOE,K194,3117 Avenue W,Brooklyn,,,134.90 kW,"187,030 kWh",49 MT CO2,3073930001
364,364,364,364,364,364,364,364,364,364,46,DOE,K272,101-24 SEAVIEW AVENUE,Brooklyn,EJZ,,180.00 kW,"211,291 kWh",55 MT CO2,3083290250
365,365,365,365,365,365,365,365,365,365,46,DOE,K276,1070 EAST 83 STREET,Brooklyn,EJZ,,239.70 kW,"281,369 kWh",73 MT CO2,3080340001
366,366,366,366,366,366,366,366,366,366,46,DOE,K211,1001 EAST 100 STREET,Brooklyn,EJZ,Yes,251.50 kW,"284,715 kWh",74 MT CO2,3082270001
367,367,367,367,367,367,367,367,367,367,47,DCLA,Aquatic Animal Health Center (AAHC),600 Surf Ave,Brooklyn,EJZ,,0.00 kW,0 kWh,0 MT CO2,3086980001
368,368,368,368,368,368,368,368,368,368,47,DCLA,Ocean Wonders,514 Surf Ave,Brooklyn,EJZ,,0.00 kW,0 kWh,0 MT CO2,3086980001
369,369,369,369,369,369,369,369,369,369,47,DPR,Abe Stark Ice Rink,1902 West 19th St,Brooklyn,EJZ,,0.00 kW,0 kWh,0 MT CO2,3050750001
370,370,370,370,370,370,370,370,370,370,47,HHC,New Ida G. Israel Community Health Center,2925 West 19th St,Brooklyn,EJZ,,6.10 kW,"7,160 kWh",2 MT CO2,3070610016
371,371,371,371,371,371,371,371,371,371,47,DOE,K728,2865 W. 19TH STREET,Brooklyn,EJZ,,8.80 kW,"10,330 kWh",3 MT CO2,3070200039
372,372,372,372,372,372,372,372,372,372,47,DOE,K186,7601 19 AVENUE,Brooklyn,EJZ,,42.70 kW,"50,123 kWh",13 MT CO2,3062390001
373,373,373,373,373,373,373,373,373,373,47,DOE,K101,2360 BENSON AVE.,Brooklyn,EJZ,,72.20 kW,"96,073 kWh",25 MT CO2,3068750032
374,374,374,374,374,374,374,374,374,374,47,DOE,K097,1855 STILLWELL AVE.,Brooklyn,EJZ,,89.70 kW,"105,293 kWh",27 MT CO2,3066670024
375,375,375,375,375,375,375,375,375,375,47,DOE,K128,2075 84 STREET,Brooklyn,EJZ,,96.10 kW,"112,806 kWh",29 MT CO2,3063290032
376,376,376,376,376,376,376,376,376,376,47,DOE,K090,2840 WEST 12 STREET,Brooklyn,EJZ,,116.40 kW,"160,608 kWh",42 MT CO2,3072660040
377,377,377,377,377,377,377,377,377,377,47,DOE,K410,2800 OCEAN PARKWAY,Brooklyn,,Yes,353.43 kW,"414,870 kWh",108 MT CO2,3072540001
378,378,378,378,378,378,378,378,378,378,48,DOE,K254,1801 AVENUE Y,Brooklyn,,,42.70 kW,"50,123 kWh",13 MT CO2,3074200026
379,379,379,379,379,379,379,379,379,379,48,CUNY,Robert J. Kibbee Library and Media Center,2000 Oriental Blvd,Brooklyn,,,76.30 kW,"100,246 kWh",26 MT CO2,3087600060
380,380,380,380,380,380,380,380,380,380,48,BPL,Brighton Beach Branch Library,16 Brighton 1st Rd,Brooklyn,,,79.30 kW,"93,107 kWh",24 MT CO2,3086800032
381,381,381,381,381,381,381,381,381,381,48,DOE,K206,2200 GRAVESEND NECK ROAD,Brooklyn,EJZ,,100.70 kW,"118,206 kWh",31 MT CO2,3050750001
382,382,382,382,382,382,382,382,382,382,48,CUNY,Leon M. Goldstein Performing Arts Center,2001 Oriental Blvd,Brooklyn,,,100.70 kW,"131,838 kWh",34 MT CO2,3087600060
383,383,383,383,383,383,383,383,383,383,48,DOE,K197,1599 EAST 22 STREET,Brooklyn,,Yes,112.20 kW,"127,144 kWh",33 MT CO2,3067690018
384,384,384,384,384,384,384,384,384,384,48,DOE,K225,1075 OCEAN VIEW AVENUE,Brooklyn,EJZ,,129.70 kW,"175,087 kWh",46 MT CO2,3087120056
385,385,385,385,385,385,385,385,385,385,48,DOE,K052,2675 EAST 29TH ST.,Brooklyn,,Yes,153.60 kW,"188,215 kWh",49 MT CO2,3074740001
386,386,386,386,386,386,386,386,386,386,48,CUNY,Temporary Building #8,2101 Oriental Blvd,Brooklyn,,,195.20 kW,"248,170 kWh",65 MT CO2,3087600060
387,387,387,387,387,387,387,387,387,387,49,DCLA,Bldg A/Staten Island Museum,1000 Richmond Ter,Staten Island,,,0.00 kW,0 kWh,0 MT CO2,5000760200
388,388,388,388,388,388,388,388,388,388,49,DCLA,Staten Island Museum,75 Stuyvesant Pl,Staten Island,EJZ,,0.00 kW,0 kWh,0 MT CO2,5000090001
389,389,389,389,389,389,389,389,389,389,49,DOE,R065,98 GRANT STREET,Staten Island,EJZ,,0.00 kW,0 kWh,0 MT CO2,5005060081
390,390,390,390,390,390,390,390,390,390,49,DPR,Clove Lake Garage and Shops,21 Slosson Ave,Staten Island,,,3.05 kW,"3,580 kWh",1 MT CO2,5003190001
391,391,391,391,391,391,391,391,391,391,49,NYPD,121st Precinct,970 Richmond Ave,Staten Island,,,6.10 kW,"7,160 kWh",2 MT CO2,5017040001
392,392,392,392,392,392,392,392,392,392,49,NYPL,Mariner's Harbor Library,206 South Ave,Staten Island,EJZ,,21.40 kW,"25,120 kWh",7 MT CO2,5012660064
393,393,393,393,393,393,393,393,393,393,49,DOE,R040,91 HENDERSON AVENUE,Staten Island,EJZ,,70.20 kW,"82,404 kWh",21 MT CO2,5000730064
394,394,394,394,394,394,394,394,394,394,49,DOE,R450,105 HAMILTON AVE.,Staten Island,EJZ,,85.40 kW,"100,246 kWh",26 MT CO2,5000220001
395,395,395,395,395,395,395,395,395,395,49,DPR,Lyons Pool and Recreation Center,317 Bay St,Staten Island,EJZ,,88.50 kW,"103,885 kWh",27 MT CO2,5015280001
396,396,396,396,396,396,396,396,396,396,49,DOE,R861,280 REGIS DRIVE,Staten Island,,,91.50 kW,"107,406 kWh",28 MT CO2,5016530001
397,397,397,397,397,397,397,397,397,397,49,DOE,R044,80 MAPLE PARKWAY,Staten Island,EJZ,,104.00 kW,"142,501 kWh",37 MT CO2,5012180001
398,398,398,398,398,398,398,398,398,398,50,DPR,High Rock Park Buildings,200 Nevada Ave,Staten Island,,,0.00 kW,0 kWh,0 MT CO2,5009390001
399,399,399,399,399,399,399,399,399,399,50,DPR,Greenbelt Native Plant Center,3808 Victory Blvd,Staten Island,,,8.24 kW,"9,672 kWh",3 MT CO2,5026100027
400,400,400,400,400,400,400,400,400,400,50,DPR,Midland Beach Maintenance Facility,950 Father Capodanno Blvd,Staten Island,,,9.15 kW,"10,741 kWh",3 MT CO2,5015280001
401,401,401,401,401,401,401,401,401,401,50,DOE,R046,41 REID AVENUE,Staten Island,EJZ,,62.00 kW,"72,778 kWh",19 MT CO2,5032430001
402,402,402,402,402,402,402,402,402,402,50,DOE,R440,485 CLAWSON ST.,Staten Island,,,76.50 kW,"89,799 kWh",23 MT CO2,5042440001
403,403,403,403,403,403,403,403,403,403,50,DOE,R029,1581 VICTORY BLVD,Staten Island,,,114.40 kW,"155,717 kWh",41 MT CO2,5003310001
404,404,404,404,404,404,404,404,404,404,50,DOE,R880,715 Ocean Terrace,Staten Island,EJZ,Yes,117.81 kW,"138,290 kWh",36 MT CO2,5006830001
405,405,405,405,405,405,405,405,405,405,50,DOE,R054,1060 WILLOWBROOK ROAD,Staten Island,,Yes,145.30 kW,"176,098 kWh",46 MT CO2,5019870104
406,406,406,406,406,406,406,406,406,406,50,DOE,R051,20 HOUSTON ST.,Staten Island,,Yes,157.08 kW,"184,387 kWh",48 MT CO2,5014780500
407,407,407,407,407,407,407,407,407,407,50,DOE,R460,1200 MANOR RD,Staten Island,EJZ,,790.00 kW,"927,334 kWh",241 MT CO2,5009550100
408,408,408,408,408,408,408,408,408,408,51,DOE,R848,25 AUGUSTA AVENUE,Staten Island,,,97.60 kW,"114,567 kWh",30 MT CO2,5056050001
409,409,409,409,409,409,409,409,409,409,51,DOE,R072,33 FERNDALE AVENUE,Staten Island,,Yes,165.16 kW,"193,871 kWh",50 MT CO2,5023640001
410,410,410,410,410,410,410,410,410,410,51,DOE,R043,100 ESSEX DRIVE,Staten Island,,,205.90 kW,"241,694 kWh",63 MT CO2,5024500320
411,411,411,411,411,411,411,411,411,411,51,DOE,R036,255 Ionia Avenue,Staten Island,,,271.10 kW,"318,228 kWh",83 MT CO2,5062620012
412,412,412,412,412,412,412,412,412,412,51,DSNY,Staten Island 2 District Garage,2500 Richmond Ave,Staten Island,,Yes,464.90 kW,"530,806 kWh",138 MT CO2,5025200001
